{
  "frames": {
    "room0bg.png": {
      "frame": {
        "x": 1,
        "y": 1,
        "w": 256,
        "h": 128
      },
      "rotated": false,
      "trimmed": false,
      "spriteSourceSize": {
        "x": 0,
        "y": 0,
        "w": 256,
        "h": 128
      },
      "sourceSize": {
        "w": 256,
        "h": 128
      },
      "pivot": {
        "x": 0.5,
        "y": 0.5
      }
    },
    "room1bg.png": {
      "frame": {
        "x": 1,
        "y": 131,
        "w": 141,
        "h": 128
      },
      "rotated": false,
      "trimmed": false,
      "spriteSourceSize": {
        "x": 0,
        "y": 0,
        "w": 141,
        "h": 128
      },
      "sourceSize": {
        "w": 141,
        "h": 128
      },
      "pivot": {
        "x": 0.5,
        "y": 0.5
      }
    },
    "passaggio_a.png": {
      "frame": {
        "x": 144,
        "y": 131,
        "w": 96,
        "h": 69
      },
      "rotated": false,
      "trimmed": false,
      "spriteSourceSize": {
        "x": 0,
        "y": 0,
        "w": 96,
        "h": 69
      },
      "sourceSize": {
        "w": 96,
        "h": 69
      },
      "pivot": {
        "x": 0.5,
        "y": 0.5
      }
    },
    "vasca.png": {
      "frame": {
        "x": 144,
        "y": 202,
        "w": 68,
        "h": 36
      },
      "rotated": false,
      "trimmed": false,
      "spriteSourceSize": {
        "x": 0,
        "y": 0,
        "w": 68,
        "h": 36
      },
      "sourceSize": {
        "w": 68,
        "h": 36
      },
      "pivot": {
        "x": 0.5,
        "y": 0.5
      }
    },
    "crepa.png": {
      "frame": {
        "x": 214,
        "y": 202,
        "w": 65,
        "h": 36
      },
      "rotated": false,
      "trimmed": true,
      "spriteSourceSize": {
        "x": 0,
        "y": 0,
        "w": 65,
        "h": 36
      },
      "sourceSize": {
        "w": 66,
        "h": 36
      },
      "pivot": {
        "x": 0.5,
        "y": 0.5
      }
    },
    "tubo.png": {
      "frame": {
        "x": 242,
        "y": 131,
        "w": 37,
        "h": 56
      },
      "rotated": false,
      "trimmed": true,
      "spriteSourceSize": {
        "x": 0,
        "y": 0,
        "w": 37,
        "h": 56
      },
      "sourceSize": {
        "w": 38,
        "h": 56
      },
      "pivot": {
        "x": 0.5,
        "y": 0.5
      }
    },
    "striscia.png": {
      "frame": {
        "x": 259,
        "y": 1,
        "w": 33,
        "h": 58
      },
      "rotated": false,
      "trimmed": true,
      "spriteSourceSize": {
        "x": 0,
        "y": 0,
        "w": 33,
        "h": 58
      },
      "sourceSize": {
        "w": 34,
        "h": 58
      },
      "pivot": {
        "x": 0.5,
        "y": 0.5
      }
    },
    "coso_dietro.png": {
      "frame": {
        "x": 259,
        "y": 61,
        "w": 32,
        "h": 43
      },
      "rotated": false,
      "trimmed": false,
      "spriteSourceSize": {
        "x": 0,
        "y": 0,
        "w": 32,
        "h": 43
      },
      "sourceSize": {
        "w": 32,
        "h": 43
      },
      "pivot": {
        "x": 0.5,
        "y": 0.5
      }
    },
    "otherRoom.png": {
      "frame": {
        "x": 293,
        "y": 61,
        "w": 18,
        "h": 45
      },
      "rotated": false,
      "trimmed": false,
      "spriteSourceSize": {
        "x": 0,
        "y": 0,
        "w": 18,
        "h": 45
      },
      "sourceSize": {
        "w": 18,
        "h": 45
      },
      "pivot": {
        "x": 0.5,
        "y": 0.5
      }
    },
    "r2cabinetDoors1.png": {
      "frame": {
        "x": 259,
        "y": 106,
        "w": 30,
        "h": 21
      },
      "rotated": false,
      "trimmed": true,
      "spriteSourceSize": {
        "x": 0,
        "y": 0,
        "w": 30,
        "h": 21
      },
      "sourceSize": {
        "w": 30,
        "h": 22
      },
      "pivot": {
        "x": 0.5,
        "y": 0.5
      }
    },
    "cabinet.png": {
      "frame": {
        "x": 294,
        "y": 1,
        "w": 21,
        "h": 26
      },
      "rotated": false,
      "trimmed": true,
      "spriteSourceSize": {
        "x": 1,
        "y": 0,
        "w": 21,
        "h": 26
      },
      "sourceSize": {
        "w": 22,
        "h": 26
      },
      "pivot": {
        "x": 0.5,
        "y": 0.5
      }
    },
    "porta0.png": {
      "frame": {
        "x": 294,
        "y": 29,
        "w": 18,
        "h": 27
      },
      "rotated": false,
      "trimmed": false,
      "spriteSourceSize": {
        "x": 0,
        "y": 0,
        "w": 18,
        "h": 27
      },
      "sourceSize": {
        "w": 18,
        "h": 27
      },
      "pivot": {
        "x": 0.5,
        "y": 0.5
      }
    },
    "porta1.png": {
      "frame": {
        "x": 291,
        "y": 108,
        "w": 18,
        "h": 27
      },
      "rotated": false,
      "trimmed": false,
      "spriteSourceSize": {
        "x": 0,
        "y": 0,
        "w": 18,
        "h": 27
      },
      "sourceSize": {
        "w": 18,
        "h": 27
      },
      "pivot": {
        "x": 0.5,
        "y": 0.5
      }
    },
    "mensole.png": {
      "frame": {
        "x": 144,
        "y": 240,
        "w": 30,
        "h": 14
      },
      "rotated": false,
      "trimmed": false,
      "spriteSourceSize": {
        "x": 0,
        "y": 0,
        "w": 30,
        "h": 14
      },
      "sourceSize": {
        "w": 30,
        "h": 14
      },
      "pivot": {
        "x": 0.5,
        "y": 0.5
      }
    },
    "r2cabinetDoors0.png": {
      "frame": {
        "x": 281,
        "y": 137,
        "w": 20,
        "h": 21
      },
      "rotated": false,
      "trimmed": true,
      "spriteSourceSize": {
        "x": 7,
        "y": 0,
        "w": 20,
        "h": 21
      },
      "sourceSize": {
        "w": 30,
        "h": 22
      },
      "pivot": {
        "x": 0.5,
        "y": 0.5
      }
    },
    "topDoor.png": {
      "frame": {
        "x": 176,
        "y": 240,
        "w": 22,
        "h": 16
      },
      "rotated": false,
      "trimmed": false,
      "spriteSourceSize": {
        "x": 0,
        "y": 0,
        "w": 22,
        "h": 16
      },
      "sourceSize": {
        "w": 22,
        "h": 16
      },
      "pivot": {
        "x": 0.5,
        "y": 0.5
      }
    },
    "crate.png": {
      "frame": {
        "x": 242,
        "y": 189,
        "w": 13,
        "h": 10
      },
      "rotated": false,
      "trimmed": true,
      "spriteSourceSize": {
        "x": 0,
        "y": 0,
        "w": 13,
        "h": 10
      },
      "sourceSize": {
        "w": 14,
        "h": 10
      },
      "pivot": {
        "x": 0.5,
        "y": 0.5
      }
    },
    "wrench.png": {
      "frame": {
        "x": 257,
        "y": 189,
        "w": 14,
        "h": 7
      },
      "rotated": false,
      "trimmed": false,
      "spriteSourceSize": {
        "x": 0,
        "y": 0,
        "w": 14,
        "h": 7
      },
      "sourceSize": {
        "w": 14,
        "h": 7
      },
      "pivot": {
        "x": 0.5,
        "y": 0.5
      }
    },
    "stopDoor.png": {
      "frame": {
        "x": 144,
        "y": 256,
        "w": 22,
        "h": 3
      },
      "rotated": false,
      "trimmed": false,
      "spriteSourceSize": {
        "x": 0,
        "y": 0,
        "w": 22,
        "h": 3
      },
      "sourceSize": {
        "w": 22,
        "h": 3
      },
      "pivot": {
        "x": 0.5,
        "y": 0.5
      }
    },
    "crateLid1.png": {
      "frame": {
        "x": 273,
        "y": 189,
        "w": 7,
        "h": 8
      },
      "rotated": false,
      "trimmed": true,
      "spriteSourceSize": {
        "x": 0,
        "y": 0,
        "w": 7,
        "h": 8
      },
      "sourceSize": {
        "w": 12,
        "h": 8
      },
      "pivot": {
        "x": 0.5,
        "y": 0.5
      }
    },
    "button0.png": {
      "frame": {
        "x": 281,
        "y": 129,
        "w": 6,
        "h": 6
      },
      "rotated": false,
      "trimmed": false,
      "spriteSourceSize": {
        "x": 0,
        "y": 0,
        "w": 6,
        "h": 6
      },
      "sourceSize": {
        "w": 6,
        "h": 6
      },
      "pivot": {
        "x": 0.5,
        "y": 0.5
      }
    },
    "button1.png": {
      "frame": {
        "x": 281,
        "y": 160,
        "w": 6,
        "h": 6
      },
      "rotated": false,
      "trimmed": false,
      "spriteSourceSize": {
        "x": 0,
        "y": 0,
        "w": 6,
        "h": 6
      },
      "sourceSize": {
        "w": 6,
        "h": 6
      },
      "pivot": {
        "x": 0.5,
        "y": 0.5
      }
    },
    "crateLid0.png": {
      "frame": {
        "x": 281,
        "y": 168,
        "w": 9,
        "h": 3
      },
      "rotated": false,
      "trimmed": true,
      "spriteSourceSize": {
        "x": 3,
        "y": 5,
        "w": 9,
        "h": 3
      },
      "sourceSize": {
        "w": 12,
        "h": 8
      },
      "pivot": {
        "x": 0.5,
        "y": 0.5
      }
    },
    "ITcardA.png": {
      "frame": {
        "x": 168,
        "y": 256,
        "w": 3,
        "h": 3
      },
      "rotated": false,
      "trimmed": false,
      "spriteSourceSize": {
        "x": 0,
        "y": 0,
        "w": 3,
        "h": 3
      },
      "sourceSize": {
        "w": 3,
        "h": 3
      },
      "pivot": {
        "x": 0.5,
        "y": 0.5
      }
    }
  },
  "meta": {
    "app": "http://free-tex-packer.com",
    "version": "0.6.7",
    "image": "texture.png",
    "format": "RGBA8888",
    "size": {
      "w": 316,
      "h": 260
    },
    "scale": 1
  }
}